"Time","Type","Username","Domain","Workstation"
"November","","","",""
"13 2023","","","","emerge-bangalore-"
"","SSH Login Success","root","",""
"11:51:02","","","","vla"
"PM","","","",""
"November","","","",""
"13 2023","","","","emerge-bangalore-"
"","SSH Login Success","root","",""
"11:50:43","","","","vla"
"PM","","","",""
"November","","","",""
"13 2023","","","","emerge-bangalore-"
"","SSH Login Success","root","",""
"11:50:43","","","","vla"
"PM","","","",""
"November","","","",""
"13 2023","","","",""
"","SSH Login Success","root","","ip-10-100-3-136"
"11:50:43","","","",""
"PM","","","",""
"November","","","",""
"13 2023","","","",""
"","SSH Login Success","ubuntu","","ip-10-100-3-136"
"11:50:43","","","",""
"PM","","","",""
"November","","","",""
"13 2023","","","",""
"","SSH Login Success","ubuntu","","ip-10-100-3-136"
"11:50:43","","","",""
"PM","","","",""
"November","","","",""
"13 2023","","","",""
"","SSH Login Success","ubuntu","","ip-10-100-3-136"
"11:50:43","","","",""
"PM","","","",""
"November","","","",""
"13 2023","","","",""
"","SSH Login Success","root","","ip-10-100-3-136"
"11:50:43","","","",""
"PM","","","",""
"November","","","",""
"13 2023","","","",""
"","SSH Login Success","root","","ip-10-100-3-136"
"11:50:43","","","",""
"PM","","","",""
"November","","","",""
"13 2023","","","",""
"","SSH Login Success","root","","ip-10-100-3-136"
"11:50:43","","","",""
"PM","","","",""
